model_id,pdf_name,scan,table,rotation,draw,text_edit_norm_micro,text_meteor_micro,text_classification_macro_f1,table_micro_precision,table_micro_recall,table_micro_f1,table_teds_mean_on_matched,image_micro_precision,image_micro_recall,image_micro_f1,image_desc_cosine_mean_on_matched,image_desc_applicability,lists_f1,headers_f1,paras_f1,heading_edge_f1_micro,text_accuracy_component,text_semantics_component,text_structure_component,tables_component,hierarchy_component,images_component,score
dpsk-ocr-Gundam,0. Сертификат ИНТИ (INTI.QS.PS.20-12-2023-488),0,0,0,0,0.5212373037857803,0.4888799726317012,0.7708333333333334,1.0,1.0,1.0,,0.5,0.3333333333333333,0.4,0.0,1.0,,0.6666666666666666,0.8750000000000001,,0.47876269621421974,0.4888799726317012,0.7708333333333334,0.0,0.0,0.30000000000000004,0.37253566721148024
dpsk-ocr-Gundam,1. Сертификат ИНТЕРГАЗСЕРТ (ОГН4.RU.1102.В03418),1,0,0,0,0.34563543003851094,0.5842916370246299,1.0,1.0,1.0,1.0,,0.0,0.0,0.0,,0.0,,1.0,1.0,,0.6543645699614891,0.5842916370246299,1.0,0.0,0.0,0.0,0.4596640517465298
dpsk-ocr-Gundam,1.1. Затвор с редуктором  и удлин,0,0,0,1,0.98661800486618,0.2,1.0,0.6666666666666666,0.5,0.5714285714285715,0.7871875,0.5,0.5,0.5,0.0,1.0,,,1.0,,0.01338199513381999,0.2,1.0,0.44982142857142865,0.0,0.375,0.3120597844977407
dpsk-ocr-Gundam,1.ТП 1751-25,0,1,0,0,1.0,0.0,,1.0,0.0,0.0,,1.0,0.0,0.0,,0.0,,,,,0.0,0.0,0.0,0.0,0.0,0.0,0.0
dpsk-ocr-Gundam,1187-25 Расчет и чертежи по ТУ,0,1,1,1,0.945360824742268,0.17647058823529413,,1.0,0.2,0.33333333333333337,0.24499367827839957,0.5,0.3333333333333333,0.4,0.0,1.0,,,,,0.05463917525773199,0.17647058823529413,0.0,0.0816645594261332,0.0,0.30000000000000004,0.08911035275848317
dpsk-ocr-Gundam,2. Затвор дисковый DN200 1.0 МПа,0,0,0,1,0.52,0.661764705882353,,0.6666666666666666,0.5,0.5714285714285715,0.9943181818181819,1.0,0.0,0.0,,0.0,,,,,0.48,0.661764705882353,0.0,0.5681818181818183,0.0,0.0,0.39907754010695196
dpsk-ocr-Gundam,2.1 Сертификат на тип ЗКС (ЕАЭС RU СТ-RU.НВ94.01974),1,0,0,0,0.23324824505424377,0.8389986897875021,0.8800000000000001,1.0,1.0,1.0,,0.5,0.3333333333333333,0.4,0.0,1.0,,0.8,0.9600000000000001,,0.7667517549457562,0.8389986897875021,0.8800000000000001,0.0,0.0,0.30000000000000004,0.5484376111833146
dpsk-ocr-Gundam,3. Заполн. Опл001_ОЛ СППК 180.2 - Энергомаш,1,1,0,0,0.35355634046679135,0.7693203783333333,0.5660403102361734,0.8,0.6666666666666666,0.7272727272727272,0.8956703959140073,1.0,1.0,1.0,0.0,1.0,0.5507246376811594,0.5454545454545455,0.6019417475728155,,0.6464436595332086,0.7693203783333333,0.5660403102361734,0.6513966515738234,0.0,0.75,0.6066263863168261
dpsk-ocr-Gundam,4. CC ТР ТС 012 (на все ТУ Энергомаш),1,0,0,0,0.7236173082909619,0.715806393932187,0.8805194805194804,1.0,1.0,1.0,0.9860777167221026,0.0,0.0,0.0,,0.0,1.0,0.7272727272727272,0.9142857142857143,0.4,0.27638269170903806,0.715806393932187,0.8805194805194804,0.9860777167221026,0.4,0.0,0.6173407368326489
dpsk-ocr-Gundam,4. ДС ТР ТС 032 по 17.11.2029 (SchuF),1,0,0,0,0.08288303991633258,0.754317686978721,0.7583333333333333,1.0,1.0,1.0,0.4691592399233595,1.0,0.0,0.0,,0.0,,0.6,0.9166666666666666,,0.9171169600836674,0.754317686978721,0.7583333333333333,0.4691592399233595,0.0,0.0,0.625440509750269
dpsk-ocr-Gundam,7. Приложение к ИК_Анкета_01.2025,0,1,0,0,0.8422515635858235,1.0,,1.0,0.23529411764705882,0.38095238095238093,0.3462928282186333,1.0,0.0,0.0,,0.0,,,,,0.15774843641417646,1.0,0.0,0.13192107741662218,0.0,0.0,0.31582132458686857
dpsk-ocr-Gundam,АП093815,0,1,0,0,1.0,0.0,,1.0,0.0,0.0,,1.0,0.0,0.0,,0.0,,,,,0.0,0.0,0.0,0.0,0.0,0.0,0.0
dpsk-ocr-Gundam,Выписка из ТУ 28.14.13-001-40886479-2021 изм.1 (общие требования),1,1,0,0,0.8427177700348432,0.42216373324627776,0.5555555555555555,0.5454545454545454,0.6666666666666666,0.6,0.5438918378467267,0.0,0.0,0.0,,0.0,0.25,0.6666666666666666,0.7499999999999999,0.8571428571428571,0.15728222996515684,0.42216373324627776,0.5555555555555555,0.326335102708036,0.8571428571428571,0.0,0.37917613039208486
dpsk-ocr-Gundam,Опл022_ИГНФ1-ПСП.СИКН-ТХ01-ОЛ-003_A03,0,0,0,1,0.98753339269813,0.06756756756756756,0.8,1.0,0.1111111111111111,0.19999999999999998,0.7502911009178568,1.0,0.0,0.0,,0.0,,,0.8,,0.012466607301869992,0.06756756756756756,0.8,0.15005822018357134,0.0,0.0,0.17002018775407365
dpsk-ocr-Gundam,"ППИ-007-2023 ред.2 Газпромнефь-Снабжение ТУ13, ТУ23",1,1,1,0,0.9787459612277868,0.08741256925357814,0.8,1.0,0.0392156862745098,0.07547169811320754,0.9237923715141482,0.0,0.0,0.0,,0.0,,,0.8,,0.021254038772213213,0.08741256925357814,0.8,0.06972017898219986,0.0,0.0,0.1611106878028878
dpsk-ocr-Gundam,"Паспорт ЗДП корпус чугун, диск чугун, EPDM НАЗ",0,0,0,1,0.4842540939355767,0.7621019285130027,0.8935574229691876,1.0,1.0,1.0,0.9216296296296296,1.0,0.5,0.6666666666666666,0.0,1.0,1.0,0.8235294117647058,0.8571428571428571,0.9090909090909091,0.5157459060644233,0.7621019285130027,0.8935574229691876,0.9216296296296296,0.9090909090909091,0.5,0.7537305889247515
dpsk-ocr-Gundam,Поз 80 103 Кран шаровой DN200 600LB,0,0,0,1,0.29683698296836986,0.8333333333333334,1.0,0.5,0.4,0.4444444444444445,0.9211833893851438,0.3333333333333333,0.4,0.3636363636363636,0.0,1.0,1.0,1.0,1.0,,0.7031630170316301,0.8333333333333334,1.0,0.4094148397267306,0.0,0.2727272727272727,0.6296434191729506
dpsk-ocr-Gundam,Т.Х._К302_PN_160_DN100____НО_б.с.,0,0,0,1,0.43575418994413406,0.5851326825728548,0.9220779220779219,0.6666666666666666,0.6666666666666666,0.6666666666666666,0.7591537406091171,0.5,1.0,0.6666666666666666,0.0,1.0,0.8571428571428571,1.0,0.9090909090909091,1.0,0.5642458100558659,0.5851326825728548,0.9220779220779219,0.5061024937394114,1.0,0.5,0.6518768102167507
dpsk-ocr-Gundam,ТПР.20.25.00.000спецификация_20251111110159.019_X,0,1,0,1,0.6722338204592901,0.3538461538461538,1.0,0.6206896551724138,0.6923076923076923,0.6545454545454545,0.6541281492503771,1.0,1.0,1.0,,0.0,,,1.0,,0.32776617954070986,0.3538461538461538,1.0,0.428156606782065,0.0,0.75,0.4435344047031289
dpsk-ocr-Gundam,ТУ -006- ЗКЛ,1,0,0,0,0.4284615898910209,0.6035430236215751,0.6724786324786324,0.5714285714285714,0.36363636363636365,0.4444444444444444,0.43774296449658767,0.0,0.0,0.0,,0.0,0.7866666666666665,0.46153846153846156,0.7692307692307692,0.33333333333333337,0.5715384101089791,0.6035430236215751,0.6724786324786324,0.19455242866515007,0.33333333333333337,0.0,0.46688597237079676
dpsk-ocr-Gundam,отклонения от требований ТТТ-01.02-03 версия 2.1,0,1,0,0,0.8654948414214749,0.15873028396444955,1.0,0.625,0.5555555555555556,0.5882352941176471,0.3977155546202084,1.0,1.0,1.0,,0.0,,,1.0,,0.13450515857852507,0.15873028396444955,1.0,0.23395032624718143,0.0,0.75,0.3075989258851799
qwen__qwen3-vl-30b-a3b-instruct,0. Сертификат ИНТИ (INTI.QS.PS.20-12-2023-488),0,0,0,0,0.2882258923814598,0.8000384310522903,0.8713450292397661,1.0,1.0,1.0,,1.0,0.6666666666666666,0.8,0.0,1.0,1.0,0.6666666666666666,0.9473684210526316,,0.7117741076185402,0.8000384310522903,0.8713450292397661,0.0,0.0,0.6000000000000001,0.5386548890536725
qwen__qwen3-vl-30b-a3b-instruct,1. Сертификат ИНТЕРГАЗСЕРТ (ОГН4.RU.1102.В03418),1,0,0,0,0.25344,0.7603530168994449,0.8863636363636364,1.0,1.0,1.0,,1.0,0.25,0.4,0.6675965785980225,1.0,0.7499999999999999,1.0,0.9090909090909091,,0.74656,0.7603530168994449,0.8863636363636364,0.0,0.0,0.46689914464950566,0.533027756911882
qwen__qwen3-vl-30b-a3b-instruct,1.1. Затвор с редуктором  и удлин,0,0,0,1,0.46192259675405745,0.5948717948717949,0.8,0.5,0.5,0.5,0.825,1.0,0.5,0.6666666666666666,0.5227160453796387,1.0,,,0.8,,0.5380774032459426,0.5948717948717949,0.8,0.4125,0.0,0.6306790113449097,0.5172712500966798
qwen__qwen3-vl-30b-a3b-instruct,1.ТП 1751-25,0,1,0,0,0.99435950719905,0.04098360655737705,1.0,1.0,0.0,0.0,,1.0,0.0,0.0,,0.0,,1.0,1.0,,0.0056404928009500255,0.04098360655737705,1.0,0.0,0.0,0.0,0.16165602483958177
qwen__qwen3-vl-30b-a3b-instruct,1187-25 Расчет и чертежи по ТУ,0,1,1,1,0.9699589845915088,0.5448916408668731,0.8666666666666667,1.0,0.0,0.0,,1.0,0.3333333333333333,0.5,0.5562794804573059,1.0,,0.9333333333333333,0.8,0.6666666666666666,0.030041015408491245,0.5448916408668731,0.8666666666666667,0.0,0.6666666666666666,0.5140698701143265,0.36610332424122405
qwen__qwen3-vl-30b-a3b-instruct,2. Затвор дисковый DN200 1.0 МПа,0,0,0,1,0.9323420074349442,0.43181483119563613,0.75,0.0,0.0,0.0,,1.0,0.0,0.0,,0.0,0.5,1.0,,,0.06765799256505578,0.43181483119563613,0.75,0.0,0.0,0.0,0.23736820594017297
qwen__qwen3-vl-30b-a3b-instruct,2.1 Сертификат на тип ЗКС (ЕАЭС RU СТ-RU.НВ94.01974),1,0,0,0,0.06865564342199856,0.7280225104353011,0.8736842105263158,0.0,1.0,0.0,,1.0,0.0,0.0,,0.0,,0.8,0.9473684210526316,1.0,0.9313443565780014,0.7280225104353011,0.8736842105263158,0.0,1.0,0.0,0.6458943483322729
qwen__qwen3-vl-30b-a3b-instruct,3. Заполн. Опл001_ОЛ СППК 180.2 - Энергомаш,1,1,0,0,0.2570056044835869,0.8544296413119113,0.9129924953095685,1.0,0.5,0.6666666666666666,0.8873331123096501,1.0,1.0,1.0,0.0,1.0,0.9615384615384615,0.875,0.9024390243902439,0.5333333333333333,0.7429943955164131,0.8544296413119113,0.9129924953095685,0.5915554082064334,0.5333333333333333,0.75,0.7454492984781365
qwen__qwen3-vl-30b-a3b-instruct,4. CC ТР ТС 012 (на все ТУ Энергомаш),1,0,0,0,0.726378909837394,0.7076660066206475,0.8012698412698412,1.0,1.0,1.0,0.9178873986618392,0.25,0.125,0.16666666666666666,0.5586689114570618,1.0,0.88,0.6666666666666666,0.8571428571428571,0.4444444444444444,0.27362109016260605,0.7076660066206475,0.8012698412698412,0.9178873986618392,0.4444444444444444,0.26466722786426544,0.606767535956315
qwen__qwen3-vl-30b-a3b-instruct,4. ДС ТР ТС 032 по 17.11.2029 (SchuF),1,0,0,0,0.4723536473412895,0.760159119332588,0.8473684210526315,0.0,0.0,0.0,,0.25,0.14285714285714285,0.18181818181818182,0.0,1.0,,0.7999999999999999,0.8947368421052632,,0.5276463526587105,0.760159119332588,0.8473684210526315,0.0,0.0,0.13636363636363635,0.4558748129739012
qwen__qwen3-vl-30b-a3b-instruct,7. Приложение к ИК_Анкета_01.2025,0,1,0,0,0.869314910765688,1.0,1.0,1.0,0.23529411764705882,0.38095238095238093,0.5694979891006877,1.0,0.0,0.0,,0.0,,1.0,,1.0,0.130685089234312,1.0,1.0,0.21695161489550008,1.0,0.0,0.5760615952876781
qwen__qwen3-vl-30b-a3b-instruct,АП093815,0,1,0,0,0.9998400639744103,0.3333333333333333,,0.0,0.0,0.0,,1.0,0.0,0.0,,0.0,,,,,0.0001599360255897242,0.3333333333333333,0.0,0.0,0.0,0.0,0.08337331733973076
qwen__qwen3-vl-30b-a3b-instruct,Выписка из ТУ 28.14.13-001-40886479-2021 изм.1 (общие требования),1,1,0,0,0.6356664912412601,0.7387302409521626,0.6448841185683291,0.7142857142857143,0.5555555555555556,0.6250000000000001,0.5302531057714628,1.0,0.0,0.0,,0.0,0.8421052631578947,0.6060606060606061,0.4864864864864865,0.9090909090909091,0.36433350875873993,0.7387302409521626,0.6448841185683291,0.3314081911071643,0.9090909090909091,0.0,0.5296892843434987
qwen__qwen3-vl-30b-a3b-instruct,Опл022_ИГНФ1-ПСП.СИКН-ТХ01-ОЛ-003_A03,0,0,0,1,0.876122754491018,0.8271488701816571,0.7333333333333332,1.0,0.2222222222222222,0.3636363636363636,0.6075980392156862,1.0,0.0,0.0,,0.0,,0.6666666666666665,0.7999999999999999,1.0,0.12387724550898205,0.8271488701816571,0.7333333333333332,0.22094474153297677,1.0,0.0,0.4919454772292551
qwen__qwen3-vl-30b-a3b-instruct,"ППИ-007-2023 ред.2 Газпромнефь-Снабжение ТУ13, ТУ23",1,1,1,0,0.9123654445112289,0.5169216632404623,0.7283035526038373,0.8,0.0784313725490196,0.14285714285714285,0.1986899077094575,1.0,0.06896551724137931,0.12903225806451613,0.0,1.0,0.8387096774193549,0.6274509803921569,0.71875,,0.08763455548877108,0.5169216632404623,0.7283035526038373,0.028384272529922497,0.0,0.0967741935483871,0.2709001517562878
qwen__qwen3-vl-30b-a3b-instruct,"Паспорт ЗДП корпус чугун, диск чугун, EPDM НАЗ",0,0,0,1,0.5438788257339163,0.7833579825625863,0.8912655971479501,0.0,0.0,0.0,,1.0,0.25,0.4,0.0,1.0,0.9411764705882353,0.9090909090909091,0.8235294117647058,0.7142857142857143,0.4561211742660837,0.7833579825625863,0.8912655971479501,0.0,0.7142857142857143,0.30000000000000004,0.5299882002079314
qwen__qwen3-vl-30b-a3b-instruct,Поз 80 103 Кран шаровой DN200 600LB,0,0,0,1,0.7747380675203726,0.975378787878788,0.5833333333333333,1.0,0.0,0.0,,1.0,0.0,0.0,,0.0,0.6666666666666666,0.5,,,0.22526193247962745,0.975378787878788,0.5833333333333333,0.0,0.0,0.0,0.38766018008960385
qwen__qwen3-vl-30b-a3b-instruct,Т.Х._К302_PN_160_DN100____НО_б.с.,0,0,0,1,0.38207333635129015,0.9315260123588108,0.7992202729044835,1.0,0.6666666666666666,0.8,0.6287503593991877,1.0,1.0,1.0,0.5845416188240051,1.0,0.888888888888889,0.6666666666666666,0.8421052631578948,1.0,0.6179266636487099,0.9315260123588108,0.7992202729044835,0.5030002875193501,1.0,0.8961354047060013,0.7526530376767228
qwen__qwen3-vl-30b-a3b-instruct,ТПР.20.25.00.000спецификация_20251111110159.019_X,0,1,0,1,0.8659003831417624,0.12307692307692308,0.5,1.0,0.2692307692307692,0.42424242424242425,0.39963562609571074,1.0,1.0,1.0,,0.0,,,0.5,,0.13409961685823757,0.12307692307692308,0.5,0.16954238682848335,0.0,0.75,0.21070261234948687
qwen__qwen3-vl-30b-a3b-instruct,ТУ -006- ЗКЛ,1,0,0,0,0.4660043464762496,0.8636944276876583,0.6921731567353961,1.0,0.2727272727272727,0.42857142857142855,0.38514279462555323,1.0,0.25,0.4,0.0,1.0,0.8571428571428571,0.4657534246575342,0.7536231884057971,0.8695652173913044,0.5339956535237504,0.8636944276876583,0.6921731567353961,0.16506119769666566,0.8695652173913044,0.30000000000000004,0.5882172550916251
qwen__qwen3-vl-30b-a3b-instruct,отклонения от требований ТТТ-01.02-03 версия 2.1,0,1,0,0,0.7260817487647852,0.4956400079007752,0.5666666666666667,1.0,0.7777777777777778,0.8750000000000001,0.5181834788573305,1.0,1.0,1.0,,0.0,0.33333333333333337,,0.8,,0.27391825123521485,0.4956400079007752,0.5666666666666667,0.4534105440001643,0.0,0.75,0.40557167358403035
baidu__ernie-4_5-vl-28b-a3b,0. Сертификат ИНТИ (INTI.QS.PS.20-12-2023-488),0,0,0,0,0.6694870438921205,0.5660003516543705,0.7666666666666667,1.0,1.0,1.0,,0.0,0.0,0.0,,0.0,1.0,0.5,0.8000000000000002,,0.33051295610787945,0.5660003516543705,0.7666666666666667,0.0,0.0,0.0,0.3391283269405625
baidu__ernie-4_5-vl-28b-a3b,1. Сертификат ИНТЕРГАЗСЕРТ (ОГН4.RU.1102.В03418),1,0,0,0,0.39349017080244925,0.5328113907153964,0.8863636363636364,1.0,1.0,1.0,,0.0,0.0,0.0,,0.0,0.7499999999999999,1.0,0.9090909090909091,,0.6065098291975508,0.5328113907153964,0.8863636363636364,0.0,0.0,0.0,0.41778485043278224
baidu__ernie-4_5-vl-28b-a3b,1.1. Затвор с редуктором  и удлин,0,0,0,1,0.736283185840708,0.4378510378510379,0.8571428571428571,1.0,0.25,0.4,0.9427083333333334,0.0,0.0,0.0,,0.0,,,0.8571428571428571,,0.26371681415929205,0.4378510378510379,0.8571428571428571,0.3770833333333334,0.0,0.0,0.3793800582406777
baidu__ernie-4_5-vl-28b-a3b,1.ТП 1751-25,0,1,0,0,0.5892224060505791,0.46605489764982944,0.9267399267399267,0.0,0.0,0.0,,1.0,0.0,0.0,,0.0,1.0,0.923076923076923,0.8571428571428571,,0.4107775939494209,0.46605489764982944,0.9267399267399267,0.0,0.0,0.0,0.3582191119108016
baidu__ernie-4_5-vl-28b-a3b,1187-25 Расчет и чертежи по ТУ,0,1,1,1,0.9793360433604336,0.2402350447333146,0.8333333333333333,0.0,0.0,0.0,,0.0,0.0,0.0,,0.0,,0.8333333333333333,,,0.02066395663956644,0.2402350447333146,0.8333333333333333,0.0,0.0,0.0,0.19022475034322023
baidu__ernie-4_5-vl-28b-a3b,2. Затвор дисковый DN200 1.0 МПа,0,0,0,1,0.9667338709677419,0.13542629595392164,1.0,1.0,0.25,0.4,0.7944394929689047,0.0,0.0,0.0,,0.0,1.0,,,,0.03326612903225812,0.13542629595392164,1.0,0.3177757971875619,0.0,0.0,0.2557282656840573
baidu__ernie-4_5-vl-28b-a3b,2.1 Сертификат на тип ЗКС (ЕАЭС RU СТ-RU.НВ94.01974),1,0,0,0,0.31698717948717947,0.6923814941662321,0.6031746031746033,1.0,1.0,1.0,,0.0,0.0,0.0,,0.0,,0.4444444444444444,0.761904761904762,1.0,0.6830128205128205,0.6923814941662321,0.6031746031746033,0.0,1.0,0.0,0.5343247691459536
baidu__ernie-4_5-vl-28b-a3b,3. Заполн. Опл001_ОЛ СППК 180.2 - Энергомаш,1,1,0,0,0.7908293235210869,0.34094445754356756,0.5319461117780445,0.6,0.5,0.5454545454545454,0.7948364981262738,0.0,0.0,0.0,,0.0,0.693877551020408,0.23529411764705882,0.6666666666666666,,0.20917067647891308,0.34094445754356756,0.5319461117780445,0.4335471807961493,0.0,0.0,0.3040301364315567
baidu__ernie-4_5-vl-28b-a3b,4. CC ТР ТС 012 (на все ТУ Энергомаш),1,0,0,0,0.8160082230961745,0.2979433935972861,0.5756056808688387,0.0,0.0,0.0,,0.0,0.0,0.0,,0.0,0.42857142857142855,0.6666666666666666,0.631578947368421,0.3333333333333333,0.1839917769038255,0.2979433935972861,0.5756056808688387,0.0,0.3333333333333333,0.0,0.24015797808893702
baidu__ernie-4_5-vl-28b-a3b,4. ДС ТР ТС 032 по 17.11.2029 (SchuF),1,0,0,0,0.6071632013671319,0.2741548424071843,0.696969696969697,0.0,0.0,0.0,,0.0,0.0,0.0,,0.0,,0.7272727272727272,0.6666666666666667,,0.39283679863286813,0.2741548424071843,0.696969696969697,0.0,0.0,0.0,0.2712933648054677
baidu__ernie-4_5-vl-28b-a3b,7. Приложение к ИК_Анкета_01.2025,0,1,0,0,0.9601471489883507,0.8481961777027727,0.9090909090909091,1.0,0.0,0.0,,0.0,0.0,0.0,,0.0,,0.9090909090909091,,,0.03985285101164926,0.8481961777027727,0.9090909090909091,0.0,0.0,0.0,0.35837589354224186
baidu__ernie-4_5-vl-28b-a3b,АП093815,0,1,0,0,1.0,0.0,,0.0,0.0,0.0,,0.0,0.0,0.0,,0.0,,,,,0.0,0.0,0.0,0.0,0.0,0.0,0.0
baidu__ernie-4_5-vl-28b-a3b,Выписка из ТУ 28.14.13-001-40886479-2021 изм.1 (общие требования),1,1,0,0,0.7209656925031767,0.39021950980745707,0.740613266583229,0.1111111111111111,0.1111111111111111,0.1111111111111111,0.2268196188074485,0.0,0.0,0.0,,0.0,0.7058823529411765,0.75,0.7659574468085107,0.7272727272727272,0.27903430749682334,0.39021950980745707,0.740613266583229,0.025202179867494276,0.7272727272727272,0.0,0.35617315301432595
baidu__ernie-4_5-vl-28b-a3b,Опл022_ИГНФ1-ПСП.СИКН-ТХ01-ОЛ-003_A03,0,0,0,1,0.8772040302267002,0.40181446974925233,0.775,0.4,0.2222222222222222,0.2857142857142857,0.3569444444444445,0.0,0.0,0.0,,0.0,,0.75,0.8,1.0,0.12279596977329976,0.40181446974925233,0.775,0.101984126984127,1.0,0.0,0.3677994352774634
baidu__ernie-4_5-vl-28b-a3b,"ППИ-007-2023 ред.2 Газпромнефь-Снабжение ТУ13, ТУ23",1,1,1,0,0.9758247769735735,0.2062902540190357,0.5349206349206349,0.09090909090909091,0.0392156862745098,0.05479452054794521,0.6926357795332885,0.01639344262295082,0.034482758620689655,0.022222222222222223,0.611970067024231,1.0,0.5,0.4761904761904762,0.6285714285714286,,0.024175223026426496,0.2062902540190357,0.5349206349206349,0.037952645453878824,0.0,0.1696591834227244,0.15392795276137278
baidu__ernie-4_5-vl-28b-a3b,"Паспорт ЗДП корпус чугун, диск чугун, EPDM НАЗ",0,0,0,1,0.32354175409148134,0.7190070918082312,0.9047619047619048,0.6666666666666666,0.6666666666666666,0.6666666666666666,0.8479194647944648,0.0,0.0,0.0,,0.0,1.0,0.8571428571428572,0.8571428571428572,,0.6764582459085187,0.7190070918082312,0.9047619047619048,0.5652796431963099,0.0,0.0,0.5976365487827351
baidu__ernie-4_5-vl-28b-a3b,Поз 80 103 Кран шаровой DN200 600LB,0,0,0,1,0.6835334476843911,0.7629007465963987,0.7666666666666667,1.0,0.2,0.33333333333333337,0.9476503759398496,0.0,0.0,0.0,,0.0,1.0,0.5,0.8000000000000002,,0.31646655231560894,0.7629007465963987,0.7666666666666667,0.31588345864661654,0.0,0.0,0.4480185164573252
baidu__ernie-4_5-vl-28b-a3b,Т.Х._К302_PN_160_DN100____НО_б.с.,0,0,0,1,0.8385983541279532,0.39166914041467443,0.812962962962963,0.0,0.0,0.0,,0.0,0.0,0.0,,0.0,0.888888888888889,0.8,0.7499999999999999,1.0,0.16140164587204675,0.39166914041467443,0.812962962962963,0.0,1.0,0.0,0.36021214101612475
baidu__ernie-4_5-vl-28b-a3b,ТПР.20.25.00.000спецификация_20251111110159.019_X,0,1,0,1,0.9530562347188264,0.36217948717948717,0.7499999999999999,0.5555555555555556,0.38461538461538464,0.4545454545454546,0.36963563799982047,0.0,1.0,0.0,,0.0,,,0.7499999999999999,,0.04694376528117361,0.36217948717948717,0.7499999999999999,0.1680161990908275,0.0,0.0,0.24838405293333066
baidu__ernie-4_5-vl-28b-a3b,ТУ -006- ЗКЛ,1,0,0,0,0.609345850634892,0.5835765354105426,0.8413156230234029,0.25,0.09090909090909091,0.13333333333333333,0.262280701754386,0.0,0.0,0.0,,0.0,0.924731182795699,0.7058823529411765,0.8933333333333333,0.7058823529411764,0.390654149365108,0.5835765354105426,0.8413156230234029,0.03497076023391813,0.7058823529411764,0.0,0.4473374019883244
baidu__ernie-4_5-vl-28b-a3b,отклонения от требований ТТТ-01.02-03 версия 2.1,0,1,0,0,0.9795933965148272,0.1289288704141345,0.4,0.14285714285714285,0.1111111111111111,0.125,0.9444444444444444,0.0,1.0,0.0,,0.0,,,0.4,,0.02040660348517276,0.1289288704141345,0.4,0.11805555555555555,0.0,0.0,0.12094497958593792
mistralai__ministral-14b-2512,0. Сертификат ИНТИ (INTI.QS.PS.20-12-2023-488),0,0,0,0,0.43115007735946365,0.8113558874804551,1.0,1.0,1.0,1.0,,0.0,0.0,0.0,,0.0,1.0,1.0,1.0,0.5,0.5688499226405364,0.8113558874804551,1.0,0.0,0.5,0.0,0.5450514525302479
mistralai__ministral-14b-2512,1. Сертификат ИНТЕРГАЗСЕРТ (ОГН4.RU.1102.В03418),1,0,0,0,0.379102679915688,0.7677101649021075,0.92,1.0,1.0,1.0,,0.0,0.0,0.0,,0.0,1.0,0.8,0.9600000000000001,,0.620897320084312,0.7677101649021075,0.92,0.0,0.0,0.0,0.48515187124660486
mistralai__ministral-14b-2512,1.1. Затвор с редуктором  и удлин,0,0,0,1,0.9452154857560263,0.2910499139414802,0.5,0.6666666666666666,0.5,0.5714285714285715,0.9895833333333333,0.0,0.0,0.0,,0.0,,,0.5,,0.05478451424397368,0.2910499139414802,0.5,0.5654761904761905,0.0,0.0,0.2745538451416016
mistralai__ministral-14b-2512,1.ТП 1751-25,0,1,0,0,0.9579274611398964,0.1553591108511582,0.7222222222222222,0.0,0.0,0.0,,0.0,0.0,0.0,,0.0,0.6666666666666666,0.8333333333333334,0.6666666666666666,,0.04207253886010365,0.1553591108511582,0.7222222222222222,0.0,0.0,0.0,0.1576912457611488
mistralai__ministral-14b-2512,1187-25 Расчет и чертежи по ТУ,0,1,1,1,0.8782188841201717,0.44711043650338883,0.823529411764706,0.027777777777777776,0.1,0.04347826086956522,0.8824705387205387,0.25,0.3333333333333333,0.28571428571428575,0.8314592242240906,1.0,,0.823529411764706,,1.0,0.12178111587982832,0.44711043650338883,0.823529411764706,0.03836828429219734,1.0,0.42215052034173695,0.3945334827360365
mistralai__ministral-14b-2512,2. Затвор дисковый DN200 1.0 МПа,0,0,0,1,0.686084142394822,0.8214861132422894,0.9545454545454546,1.0,0.75,0.8571428571428571,0.821311907782496,0.0,0.0,0.0,,0.0,0.9090909090909091,1.0,,,0.31391585760517804,0.8214861132422894,0.9545454545454546,0.7039816352421394,0.0,0.0,0.5678286379421129
mistralai__ministral-14b-2512,2.1 Сертификат на тип ЗКС (ЕАЭС RU СТ-RU.НВ94.01974),1,0,0,0,0.21710526315789475,0.7805751513980157,0.8545454545454545,1.0,1.0,1.0,,0.0,0.0,0.0,,0.0,,0.8,0.9090909090909091,1.0,0.7828947368421053,0.7805751513980157,0.8545454545454545,0.0,1.0,0.0,0.6190492902418484
mistralai__ministral-14b-2512,3. Заполн. Опл001_ОЛ СППК 180.2 - Энергомаш,1,1,0,0,0.37015674832055373,0.7845810934032448,0.757205585919669,0.5714285714285714,0.6666666666666666,0.6153846153846153,0.848145414154814,0.0,0.0,0.0,,0.0,0.99009900990099,0.4210526315789474,0.8604651162790697,0.5,0.6298432516794463,0.7845810934032448,0.757205585919669,0.5219356394798855,0.5,0.0,0.6215740520546004
mistralai__ministral-14b-2512,4. CC ТР ТС 012 (на все ТУ Энергомаш),1,0,0,0,0.7128187956917239,0.7120194619718706,0.9088680718188914,1.0,0.5,0.6666666666666666,0.855952380952381,0.0,0.0,0.0,,0.0,0.88,0.9285714285714286,0.9180327868852458,0.5263157894736842,0.2871812043082761,0.7120194619718706,0.9088680718188914,0.5706349206349206,0.5263157894736842,0.0,0.5528889404172228
mistralai__ministral-14b-2512,4. ДС ТР ТС 032 по 17.11.2029 (SchuF),1,0,0,0,0.668909413419781,0.8776983408955138,0.8680851063829786,1.0,1.0,1.0,0.5428069920317982,0.0,0.0,0.0,,0.0,,0.7999999999999999,0.9361702127659574,,0.33109058658021895,0.8776983408955138,0.8680851063829786,0.5428069920317982,0.0,0.0,0.5409713962327396
mistralai__ministral-14b-2512,7. Приложение к ИК_Анкета_01.2025,0,1,0,0,0.9076109076109076,1.0,1.0,0.8,0.47058823529411764,0.5925925925925927,0.6451379397991716,1.0,0.0,0.0,,0.0,,1.0,,1.0,0.09238909238909243,1.0,1.0,0.38230396432543506,1.0,0.0,0.59955806596236
mistralai__ministral-14b-2512,АП093815,0,1,0,0,1.0,0.0,,0.0,0.0,0.0,,1.0,0.0,0.0,,0.0,,,,,0.0,0.0,0.0,0.0,0.0,0.0,0.0
mistralai__ministral-14b-2512,Выписка из ТУ 28.14.13-001-40886479-2021 изм.1 (общие требования),1,1,0,0,0.7479318947783079,0.7632701447782545,0.8986872586872586,0.5714285714285714,0.4444444444444444,0.5,0.44392895335947213,1.0,0.0,0.0,,0.0,0.9189189189189189,0.8571428571428571,0.92,1.0,0.2520681052216921,0.7632701447782545,0.8986872586872586,0.22196447667973607,1.0,0.0,0.5330305466390226
mistralai__ministral-14b-2512,Опл022_ИГНФ1-ПСП.СИКН-ТХ01-ОЛ-003_A03,0,0,0,1,0.7821693240512014,0.6774445585920996,1.0,0.2222222222222222,0.2222222222222222,0.2222222222222222,0.4266005442995173,0.0,0.0,0.0,,0.0,,1.0,1.0,0.5,0.21783067594879857,0.6774445585920996,1.0,0.09480012095544829,0.5,0.0,0.4427788328263142
mistralai__ministral-14b-2512,"ППИ-007-2023 ред.2 Газпромнефь-Снабжение ТУ13, ТУ23",1,1,1,0,0.8565467029714692,0.5586143911078291,0.6526984126984127,0.06329113924050633,0.09803921568627451,0.07692307692307693,0.4614409203977763,1.0,0.0,0.0,,0.0,0.8666666666666665,0.5714285714285714,0.5199999999999999,,0.14345329702853082,0.5586143911078291,0.6526984126984127,0.03549545541521356,0.0,0.0,0.28052077502189454
mistralai__ministral-14b-2512,"Паспорт ЗДП корпус чугун, диск чугун, EPDM НАЗ",0,0,0,1,0.4938896648044693,0.7639209967487781,0.8976982097186701,1.0,1.0,1.0,0.8854126984126984,0.0,0.0,0.0,,0.0,1.0,0.8235294117647058,0.8695652173913044,0.9090909090909091,0.5061103351955307,0.7639209967487781,0.8976982097186701,0.8854126984126984,0.9090909090909091,0.0,0.7201541950355084
mistralai__ministral-14b-2512,Поз 80 103 Кран шаровой DN200 600LB,0,0,0,1,0.624390243902439,0.4731982351173401,0.6444444444444445,1.0,0.6,0.7499999999999999,0.805007785186147,0.0,0.0,0.0,,0.0,0.888888888888889,0.4,,,0.375609756097561,0.4731982351173401,0.6444444444444445,0.6037558388896102,0.0,0.0,0.429619832248314
mistralai__ministral-14b-2512,Т.Х._К302_PN_160_DN100____НО_б.с.,0,0,0,1,0.6104023552502453,0.8005543014296701,0.8078431372549021,0.2,0.3333333333333333,0.25,0.406208504352335,0.0,0.0,0.0,,0.0,0.8,0.8,0.8235294117647058,1.0,0.38959764474975467,0.8005543014296701,0.8078431372549021,0.10155212608808376,1.0,0.0,0.5390248823507082
mistralai__ministral-14b-2512,ТПР.20.25.00.000спецификация_20251111110159.019_X,0,1,0,1,0.8633578431372549,0.6241307778864645,0.9166666666666666,0.5277777777777778,0.7307692307692307,0.6129032258064515,0.4060541877320604,0.0,1.0,0.0,,0.0,,,0.9166666666666666,,0.13664215686274506,0.6241307778864645,0.9166666666666666,0.24887192151319829,0.0,0.0,0.37746761798994205
mistralai__ministral-14b-2512,ТУ -006- ЗКЛ,1,0,0,0,0.34735930735930737,0.8955914724881459,0.7507157724820527,0.2727272727272727,0.2727272727272727,0.2727272727272727,0.4755090403516191,0.0,0.0,0.0,,0.0,0.8526315789473684,0.5423728813559323,0.8571428571428572,1.0,0.6526406926406927,0.8955914724881459,0.7507157724820527,0.12968428373225974,1.0,0.0,0.6256022639009695
mistralai__ministral-14b-2512,отклонения от требований ТТТ-01.02-03 версия 2.1,0,1,0,0,0.8689700130378096,0.13880213612087758,1.0,0.6666666666666666,0.4444444444444444,0.5333333333333333,0.3424754569132642,1.0,1.0,1.0,,0.0,,,1.0,,0.13102998696219037,0.13880213612087758,1.0,0.18265357702040758,0.0,0.75,0.29148874617484855
pp_v3,0. Сертификат ИНТИ (INTI.QS.PS.20-12-2023-488),0,0,0,0,0.750109409190372,0.3588963964259318,0.7450980392156863,1.0,1.0,1.0,,0.0,0.0,0.0,,0.0,,0.6666666666666666,0.8235294117647058,,0.24989059080962805,0.3588963964259318,0.7450980392156863,0.0,0.0,0.0,0.2639614526912429
pp_v3,1. Сертификат ИНТЕРГАЗСЕРТ (ОГН4.RU.1102.В03418),1,0,0,0,0.44636363636363635,0.3521218541004745,0.7777777777777778,1.0,1.0,1.0,,0.0,0.0,0.0,,0.0,,0.6666666666666666,0.888888888888889,,0.5536363636363637,0.3521218541004745,0.7777777777777778,0.0,0.0,0.0,0.3431062211008762
pp_v3,1.1. Затвор с редуктором  и удлин,0,0,0,1,0.8104089219330854,0.33861830299923096,1.0,0.3333333333333333,0.25,0.28571428571428575,0.9583333333333334,0.0,0.0,0.0,,0.0,,,1.0,,0.18959107806691455,0.33861830299923096,1.0,0.27380952380952384,0.0,0.0,0.3368142500284411
pp_v3,1.ТП 1751-25,0,1,0,0,0.8664274322169059,0.15240119636135566,0.27692307692307694,0.0,0.0,0.0,,1.0,0.0,0.0,,0.0,,0.4,0.15384615384615385,,0.13357256778309412,0.15240119636135566,0.27692307692307694,0.0,0.0,0.0,0.11303190257457398
pp_v3,1187-25 Расчет и чертежи по ТУ,0,1,1,1,0.868421052631579,0.22004357298474947,0.7333333333333334,0.6,0.3,0.4,0.2768330759877149,0.0,0.0,0.0,,0.0,,0.8,0.6666666666666666,,0.13157894736842102,0.22004357298474947,0.7333333333333334,0.11073323039508597,0.0,0.0,0.22005227616730982
pp_v3,2. Затвор дисковый DN200 1.0 МПа,0,0,0,1,0.9180790960451978,0.10582010582010583,,1.0,0.25,0.4,0.45373015873015876,0.0,0.0,0.0,,0.0,,,,,0.08192090395480223,0.10582010582010583,0.0,0.1814920634920635,0.0,0.0,0.08323366514213972
pp_v3,2.1 Сертификат на тип ЗКС (ЕАЭС RU СТ-RU.НВ94.01974),1,0,0,0,0.6159292035398231,0.3756517122071381,0.8736842105263158,1.0,1.0,1.0,,0.0,0.0,0.0,,0.0,,0.8,0.9473684210526316,,0.38407079646017694,0.3756517122071381,0.8736842105263158,0.0,0.0,0.0,0.32098325874577616
pp_v3,3. Заполн. Опл001_ОЛ СППК 180.2 - Энергомаш,1,1,0,0,0.4932292708958709,0.6688596000178708,0.5147783251231527,0.8,0.6666666666666666,0.7272727272727272,0.2865102142987762,0.0,0.0,0.0,,0.0,0.21428571428571427,0.7586206896551724,0.5714285714285714,,0.5067707291041291,0.6688596000178708,0.5147783251231527,0.2083710649445645,0.0,0.0,0.41279854403788574
pp_v3,4. CC ТР ТС 012 (на все ТУ Энергомаш),1,0,0,0,0.7867845456111143,0.4290287547693024,0.7923853923853924,0.5,0.5,0.5,0.855952380952381,0.0,0.0,0.0,,0.0,0.6666666666666666,0.8181818181818182,0.8923076923076922,0.28571428571428575,0.21321545438888567,0.4290287547693024,0.7923853923853924,0.4279761904761905,0.28571428571428575,0.0,0.3935855278140226
pp_v3,4. ДС ТР ТС 032 по 17.11.2029 (SchuF),1,0,0,0,0.43127160968113715,0.5244874769987055,0.7984496124031006,0.0,0.0,0.0,,0.0,0.0,0.0,,0.0,,0.6666666666666665,0.9302325581395349,,0.5687283903188629,0.5244874769987055,0.7984496124031006,0.0,0.0,0.0,0.3930714086898571
pp_v3,7. Приложение к ИК_Анкета_01.2025,0,1,0,0,1.0,0.0,,1.0,0.11764705882352941,0.21052631578947367,0.06897889097591425,1.0,0.0,0.0,,0.0,,,,,0.0,0.0,0.0,0.014521871784403,0.0,0.0,0.0029043743568806
pp_v3,АП093815,0,1,0,0,1.0,0.0,,0.75,0.75,0.75,0.896823491655982,1.0,0.0,0.0,,0.0,,,,,0.0,0.0,0.0,0.6726176187419864,0.0,0.0,0.1345235237483973
pp_v3,Выписка из ТУ 28.14.13-001-40886479-2021 изм.1 (общие требования),1,1,0,0,0.8161202649906574,0.283943720544641,0.6691176470588235,0.2857142857142857,0.2222222222222222,0.25,0.8666228655229722,0.0,0.0,0.0,,0.0,,0.5882352941176471,0.7499999999999999,,0.18387973500934263,0.283943720544641,0.6691176470588235,0.21665571638074305,0.0,0.0,0.26065465422346806
pp_v3,Опл022_ИГНФ1-ПСП.СИКН-ТХ01-ОЛ-003_A03,0,0,0,1,0.3215258855585831,0.33602930549395743,0.7619047619047619,1.0,0.4444444444444444,0.6153846153846153,0.13387808782958852,1.0,0.0,0.0,,0.0,,0.6666666666666666,0.8571428571428571,,0.6784741144414169,0.33602930549395743,0.7619047619047619,0.08238651558743908,0.0,0.0,0.38438887238704567
pp_v3,"ППИ-007-2023 ред.2 Газпромнефь-Снабжение ТУ13, ТУ23",1,1,1,0,0.838254113345521,0.2729925498170955,0.5277272727272727,0.07142857142857142,0.0392156862745098,0.050632911392405056,0.9125476250126345,0.0,0.0,0.0,,0.0,0.8181818181818181,0.125,0.6399999999999999,,0.16174588665447898,0.2729925498170955,0.5277272727272727,0.0462049430386144,0.0,0.0,0.1970846886347074
pp_v3,"Паспорт ЗДП корпус чугун, диск чугун, EPDM НАЗ",0,0,0,1,0.7137327188940092,0.5114250980187439,0.7161125319693095,1.0,1.0,1.0,0.9544674863797672,0.25,0.25,0.25,0.6191235184669495,1.0,,0.8235294117647058,0.6086956521739131,,0.28626728110599076,0.5114250980187439,0.7161125319693095,0.9544674863797672,0.0,0.34228087961673737,0.5148475158333704
pp_v3,Поз 80 103 Кран шаровой DN200 600LB,0,0,0,1,1.0,0.0,,1.0,0.0,0.0,,0.0,0.0,0.0,,0.0,,,,,0.0,0.0,0.0,0.0,0.0,0.0,0.0
pp_v3,Т.Х._К302_PN_160_DN100____НО_б.с.,0,0,0,1,0.881770145310436,0.09226352189866709,1.0,0.0,0.0,0.0,,0.0,0.0,0.0,,0.0,,,1.0,,0.11822985468956404,0.09226352189866709,1.0,0.0,0.0,0.0,0.2026233441470578
pp_v3,ТПР.20.25.00.000спецификация_20251111110159.019_X,0,1,0,1,0.5061728395061729,0.04690431519699812,1.0,1.0,0.5,0.6666666666666666,0.5473605777681765,1.0,1.0,1.0,,0.0,,,1.0,,0.49382716049382713,0.04690431519699812,1.0,0.36490705184545097,0.0,0.75,0.3956642792917965
pp_v3,ТУ -006- ЗКЛ,1,0,0,0,0.6261630734316745,0.48578988658907235,0.5533062574209083,0.5454545454545454,0.5454545454545454,0.5454545454545454,0.5565899808903224,0.0,0.0,0.0,,0.0,0.35789473684210527,0.6451612903225806,0.6568627450980392,0.8333333333333333,0.37383692656832546,0.48578988658907235,0.5533062574209083,0.3035945350310849,0.8333333333333333,0.0,0.441954882242036
pp_v3,отклонения от требований ТТТ-01.02-03 версия 2.1,0,1,0,0,0.9311563471868816,0.07901633446417339,1.0,0.3333333333333333,0.2222222222222222,0.26666666666666666,0.632284466645797,1.0,1.0,1.0,,0.0,,,1.0,,0.06884365281311844,0.07901633446417339,1.0,0.16860919110554584,0.0,0.75,0.2581868350404321
mineru_ppl,0. Сертификат ИНТИ (INTI.QS.PS.20-12-2023-488),0,0,0,0,0.2564102564102564,0.6628294589782956,0.6,1.0,1.0,1.0,,1.0,0.0,0.0,,0.0,,0.4,0.7999999999999999,,0.7435897435897436,0.6628294589782956,0.6,0.0,0.0,0.0,0.4416048006420098
mineru_ppl,1. Сертификат ИНТЕРГАЗСЕРТ (ОГН4.RU.1102.В03418),1,0,0,0,0.38054016620498615,0.4544368129483978,0.9157894736842106,1.0,1.0,1.0,,0.0,0.0,0.0,,0.0,1.0,0.8,0.9473684210526316,,0.6194598337950139,0.4544368129483978,0.9157894736842106,0.0,0.0,0.0,0.4058425827384845
mineru_ppl,1.1. Затвор с редуктором  и удлин,0,0,0,1,0.44423791821561337,0.38461538461538464,1.0,0.5,0.5,0.5,0.9304410305788982,1.0,1.0,1.0,0.5461194068193436,1.0,,,1.0,,0.5557620817843867,0.38461538461538464,1.0,0.4652205152894491,0.0,0.8865298517048359,0.5224649622430744
mineru_ppl,1.ТП 1751-25,0,1,0,0,0.41540642722117205,0.7256878250065042,0.9522102747909199,0.0,0.0,0.0,,1.0,0.0,0.0,,0.0,0.967741935483871,1.0,0.888888888888889,,0.584593572778828,0.7256878250065042,0.9522102747909199,0.0,0.0,0.0,0.47040189066497096
mineru_ppl,1187-25 Расчет и чертежи по ТУ,0,1,1,1,1.0,0.0,,0.6,0.3,0.4,0.19923720588516733,0.5,0.3333333333333333,0.4,0.4866671562194824,1.0,,,,,0.0,0.0,0.0,0.07969488235406694,0.0,0.42166678905487065,0.037022315923556925
mineru_ppl,2. Затвор дисковый DN200 1.0 МПа,0,0,0,1,0.8924205378973105,0.17460317460317462,1.0,0.5,0.5,0.5,0.5835486919126625,1.0,0.75,0.8571428571428571,0.59784996509552,1.0,,1.0,,,0.10757946210268954,0.17460317460317462,1.0,0.2917743459563312,0.0,0.7923196341310228,0.3185165100742834
mineru_ppl,2.1 Сертификат на тип ЗКС (ЕАЭС RU СТ-RU.НВ94.01974),1,0,0,0,0.29323548181238035,0.5757340109292304,0.7708333333333333,1.0,1.0,1.0,,1.0,0.0,0.0,,0.0,,0.6666666666666666,0.875,,0.7067645181876197,0.5757340109292304,0.7708333333333333,0.0,0.0,0.0,0.4362496322792125
mineru_ppl,3. Заполн. Опл001_ОЛ СППК 180.2 - Энергомаш,1,1,0,0,0.6739742086752638,0.3771887850709536,0.5234235916588857,1.0,0.3333333333333333,0.5,0.5453464315240122,0.0,0.0,0.0,,0.0,0.47058823529411764,0.56,0.5396825396825397,,0.3260257913247362,0.3771887850709536,0.5234235916588857,0.2726732157620061,0.0,0.0,0.3088518260001566
mineru_ppl,4. CC ТР ТС 012 (на все ТУ Энергомаш),1,0,0,0,0.7272727272727273,0.4483527530449089,0.7877385772122615,0.5,0.5,0.5,0.855952380952381,0.0,0.0,0.0,,0.0,0.7692307692307693,0.7368421052631579,0.8571428571428571,,0.2727272727272727,0.4483527530449089,0.7877385772122615,0.4279761904761905,0.0,0.0,0.38402603112012274
mineru_ppl,4. ДС ТР ТС 032 по 17.11.2029 (SchuF),1,0,0,0,0.3428769337335488,0.522238894994746,0.7444444444444445,1.0,1.0,1.0,0.9667628796204043,0.0,0.0,0.0,,0.0,,0.6,0.8888888888888888,,0.6571230662664511,0.522238894994746,0.7444444444444445,0.9667628796204043,0.0,0.0,0.5998597329060468
mineru_ppl,7. Приложение к ИК_Анкета_01.2025,0,1,0,0,0.3303964757709251,0.8333333333333334,1.0,0.8333333333333334,0.29411764705882354,0.4347826086956522,0.31813287816459745,1.0,0.0,0.0,,0.0,,1.0,,,0.6696035242290749,0.8333333333333334,1.0,0.13831864268025978,0.0,0.0,0.553397942926654
mineru_ppl,АП093815,0,1,0,0,1.0,0.0,,0.3333333333333333,0.25,0.28571428571428575,0.8136592172837862,1.0,0.0,0.0,,0.0,,,,,0.0,0.0,0.0,0.23247406208108182,0.0,0.0,0.04649481241621636
mineru_ppl,Выписка из ТУ 28.14.13-001-40886479-2021 изм.1 (общие требования),1,1,0,0,0.5526678001781232,0.5086592354996271,0.900644122383253,0.4,0.4444444444444444,0.4210526315789474,0.6086919900360483,1.0,0.0,0.0,,0.0,0.888888888888889,0.9,0.9130434782608696,,0.4473321998218768,0.5086592354996271,0.900644122383253,0.2562913642257046,0.0,0.0,0.4253527500330049
mineru_ppl,Опл022_ИГНФ1-ПСП.СИКН-ТХ01-ОЛ-003_A03,0,0,0,1,0.2378815080789946,0.4840935591764092,1.0,0.5,0.3333333333333333,0.4,0.25090432433105864,1.0,0.25,0.4,0.41801851987838745,1.0,,1.0,1.0,,0.7621184919210053,0.4840935591764092,1.0,0.10036172973242347,0.0,0.4045046299695969,0.5018505902193182
mineru_ppl,"ППИ-007-2023 ред.2 Газпромнефь-Снабжение ТУ13, ТУ23",1,1,1,0,0.9823112606412805,0.04715455470839488,1.0,0.07407407407407407,0.0392156862745098,0.05128205128205129,0.5716140046931593,1.0,0.034482758620689655,0.06666666666666667,0.8164260387420654,1.0,,1.0,1.0,,0.017688739358719507,0.04715455470839488,1.0,0.029313538702213298,0.0,0.25410650968551635,0.18477885674149708
mineru_ppl,"Паспорт ЗДП корпус чугун, диск чугун, EPDM НАЗ",0,0,0,1,0.6602112676056338,0.47797243360870273,0.8562091503267975,1.0,1.0,1.0,0.9806119093611354,1.0,0.25,0.4,0.7150033712387085,1.0,,0.8888888888888888,0.823529411764706,,0.33978873239436624,0.47797243360870273,0.8562091503267975,0.9806119093611354,0.0,0.47875084280967717,0.5529315880624978
mineru_ppl,Поз 80 103 Кран шаровой DN200 600LB,0,0,0,1,0.8872305140961857,0.21940928270042195,,0.5,0.4,0.4444444444444445,0.9151900437310654,0.42857142857142855,0.6,0.5,0.540851871172587,1.0,,,,,0.1127694859038143,0.21940928270042195,0.0,0.4067511305471402,0.0,0.5102129677931467,0.18990556665014444
mineru_ppl,Т.Х._К302_PN_160_DN100____НО_б.с.,0,0,0,1,0.8383122882660918,0.47648674854557216,1.0,0.0,0.0,0.0,,0.5,1.0,0.6666666666666666,0.49094486236572266,1.0,1.0,1.0,1.0,,0.16168771173390817,0.47648674854557216,1.0,0.0,0.0,0.6227362155914307,0.3406804258494416
mineru_ppl,ТПР.20.25.00.000спецификация_20251111110159.019_X,0,1,0,1,0.49382716049382713,0.04923076923076923,1.0,0.3888888888888889,0.5384615384615384,0.45161290322580644,0.711635852838478,1.0,1.0,1.0,,0.0,,,1.0,,0.5061728395061729,0.04923076923076923,1.0,0.32138393353995776,0.0,0.75,0.390627688892227
mineru_ppl,ТУ -006- ЗКЛ,1,0,0,0,0.631153474903475,0.3515190507934807,0.5113342257920571,0.5454545454545454,0.5454545454545454,0.5454545454545454,0.6039017094134129,1.0,0.0,0.0,,0.0,0.36666666666666675,0.4444444444444444,0.7228915662650601,,0.36884652509652505,0.3515190507934807,0.5113342257920571,0.3294009324073161,0.0,0.0,0.32267171432277325
mineru_ppl,отклонения от требований ТТТ-01.02-03 версия 2.1,0,1,0,0,1.0,0.0,,0.4,0.2222222222222222,0.2857142857142857,0.17176930781370525,1.0,1.0,1.0,,0.0,,,,,0.0,0.0,0.0,0.04907694508963007,0.0,0.75,0.04731538901792602
olmocr,0. Сертификат ИНТИ (INTI.QS.PS.20-12-2023-488),0,0,0,0,0.7907317073170732,0.2746100229000366,0.8,1.0,1.0,1.0,,1.0,0.0,0.0,,0.0,,,0.8,,0.2092682926829268,0.2746100229000366,0.8,0.0,0.0,0.0,0.24096957889574083
olmocr,1. Сертификат ИНТЕРГАЗСЕРТ (ОГН4.RU.1102.В03418),1,0,0,0,0.4339948231233822,0.6106215517715446,0.9444444444444444,1.0,1.0,1.0,,1.0,0.0,0.0,,0.0,1.0,,0.888888888888889,,0.5660051768766178,0.6106215517715446,0.9444444444444444,0.0,0.0,0.0,0.43582334882870727
olmocr,1.1. Затвор с редуктором  и удлин,0,0,0,1,0.137546468401487,0.6457123450500933,0.8571428571428571,0.6666666666666666,0.5,0.5714285714285715,0.9887152777777778,1.0,0.0,0.0,,0.0,,,0.8571428571428571,,0.862453531598513,0.6457123450500933,0.8571428571428571,0.5649801587301588,0.0,0.0,0.6186089294796119
olmocr,1.ТП 1751-25,0,1,0,0,1.0,0.0,,1.0,0.0,0.0,,1.0,0.0,0.0,,0.0,,,,,0.0,0.0,0.0,0.0,0.0,0.0,0.0
olmocr,1187-25 Расчет и чертежи по ТУ,0,1,1,1,0.5937698664971393,0.6986852971615418,0.5263157894736842,0.75,0.6,0.6666666666666665,0.41883761038818496,1.0,0.0,0.0,,0.0,,,0.5263157894736842,,0.40623013350286075,0.6986852971615418,0.5263157894736842,0.27922507359212323,0.0,0.0,0.4110212408055779
olmocr,2. Затвор дисковый DN200 1.0 МПа,0,0,0,1,0.9122807017543859,0.1589721254355401,,0.5,0.25,0.3333333333333333,1.0,1.0,0.0,0.0,,0.0,,,,,0.08771929824561409,0.1589721254355401,0.0,0.3333333333333333,0.0,0.0,0.12833952258695522
olmocr,2.1 Сертификат на тип ЗКС (ЕАЭС RU СТ-RU.НВ94.01974),1,0,0,0,0.351044776119403,0.5750373372386388,0.8571428571428571,1.0,1.0,1.0,,1.0,0.0,0.0,,0.0,,,0.8571428571428571,,0.648955223880597,0.5750373372386388,0.8571428571428571,0.0,0.0,0.0,0.43456956885123754
olmocr,3. Заполн. Опл001_ОЛ СППК 180.2 - Энергомаш,1,1,0,0,0.6751340671747107,0.3619675073656074,0.7502164502164501,0.8333333333333334,0.8333333333333334,0.8333333333333334,0.755333112112854,1.0,0.0,0.0,,0.0,0.8095238095238095,,0.6909090909090908,,0.3248659328252893,0.3619675073656074,0.7502164502164501,0.6294442600940451,0.0,0.0,0.4101296795990007
olmocr,4. CC ТР ТС 012 (на все ТУ Энергомаш),1,0,0,0,0.3967923768621662,0.3892376330898551,0.8944444444444445,1.0,1.0,1.0,0.9156369030197657,1.0,0.0,0.0,,0.0,0.9,,0.888888888888889,,0.6032076231378338,0.3892376330898551,0.8944444444444445,0.9156369030197657,0.0,0.0,0.565405361327542
olmocr,4. ДС ТР ТС 032 по 17.11.2029 (SchuF),1,0,0,0,0.3136520076481836,0.612933400157617,0.9047619047619047,0.0,0.0,0.0,,1.0,0.0,0.0,,0.0,,,0.9047619047619047,,0.6863479923518164,0.612933400157617,0.9047619047619047,0.0,0.0,0.0,0.46053463384164406
olmocr,7. Приложение к ИК_Анкета_01.2025,0,1,0,0,0.9327875915553641,0.6666666666666666,,1.0,0.4117647058823529,0.5833333333333334,0.583361101067949,1.0,0.0,0.0,,0.0,,,,,0.06721240844463594,0.6666666666666666,0.0,0.3402939756229703,0.0,0.0,0.25152856390241973
olmocr,АП093815,0,1,0,0,1.0,0.0,,0.0,0.0,0.0,,1.0,0.0,0.0,,0.0,,,,,0.0,0.0,0.0,0.0,0.0,0.0,0.0
olmocr,Выписка из ТУ 28.14.13-001-40886479-2021 изм.1 (общие требования),1,1,0,0,0.5705109489051094,0.5746304429263333,0.8282657657657657,0.6666666666666666,0.2222222222222222,0.3333333333333333,0.6487065616695528,1.0,0.0,0.0,,0.0,0.8648648648648648,,0.7916666666666667,,0.42948905109489055,0.5746304429263333,0.8282657657657657,0.21623552055651757,0.0,0.0,0.41851684248147425
olmocr,Опл022_ИГНФ1-ПСП.СИКН-ТХ01-ОЛ-003_A03,0,0,0,1,0.9936247723132969,0.10858585858585858,,0.75,0.3333333333333333,0.46153846153846156,0.8298674794983906,1.0,0.0,0.0,,0.0,,,,,0.006375227686703067,0.10858585858585858,0.0,0.38301575976848795,0.0,0.0,0.10534342352183801
olmocr,"ППИ-007-2023 ред.2 Газпромнефь-Снабжение ТУ13, ТУ23",1,1,1,0,0.7275645312291026,0.4977500241115371,0.7953488372093024,0.325,0.2549019607843137,0.28571428571428575,0.5841385685158593,1.0,0.0,0.0,,0.0,0.8,,0.7906976744186047,,0.2724354687708974,0.4977500241115371,0.7953488372093024,0.1668967338616741,0.0,0.0,0.34522804557433884
olmocr,"Паспорт ЗДП корпус чугун, диск чугун, EPDM НАЗ",0,0,0,1,0.9057094550656782,0.26796471093458185,0.5,0.5,0.6666666666666666,0.5714285714285715,0.9656190476190476,1.0,0.0,0.0,,0.0,,,0.5,,0.09429054493432176,0.26796471093458185,0.5,0.5517823129251701,0.0,0.0,0.2759202765522599
olmocr,Поз 80 103 Кран шаровой DN200 600LB,0,0,0,1,0.08163265306122448,0.9618055555555557,0.8585858585858586,0.6666666666666666,0.4,0.5,0.9767500905932923,1.0,0.0,0.0,,0.0,1.0,0.6666666666666666,0.9090909090909091,,0.9183673469387755,0.9618055555555557,0.8585858585858586,0.48837504529664616,0.0,0.0,0.6965061134707908
olmocr,Т.Х._К302_PN_160_DN100____НО_б.с.,0,0,0,1,0.47613143211407316,0.5848605278536074,0.9166666666666666,1.0,1.0,1.0,0.7943836240415753,1.0,0.0,0.0,,0.0,1.0,,0.8333333333333333,,0.5238685678859268,0.5848605278536074,0.9166666666666666,0.7943836240415753,0.0,0.0,0.5735589987431986
olmocr,ТПР.20.25.00.000спецификация_20251111110159.019_X,0,1,0,1,0.5531914893617021,0.04923076923076923,1.0,0.6153846153846154,0.3076923076923077,0.4102564102564103,0.4059900263860622,1.0,1.0,1.0,,0.0,,,1.0,,0.44680851063829785,0.04923076923076923,1.0,0.16656001082505117,0.0,0.75,0.34482182213227697
olmocr,ТУ -006- ЗКЛ,1,0,0,0,0.5401807084729535,0.4832203298808024,0.726974358974359,0.5,0.09090909090909091,0.15384615384615385,0.8605697151424287,1.0,0.0,0.0,,0.0,0.7360000000000001,,0.717948717948718,,0.4598192915270465,0.4832203298808024,0.726974358974359,0.1323953407911429,0.0,0.0,0.37128512735634467
olmocr,отклонения от требований ТТТ-01.02-03 версия 2.1,0,1,0,0,0.4655982905982906,0.56956336769749,0.8211382113821137,0.8888888888888888,0.8888888888888888,0.8888888888888888,0.5939324245785657,1.0,1.0,1.0,,0.0,0.6666666666666666,,0.975609756097561,,0.5344017094017094,0.56956336769749,0.8211382113821137,0.527939932958725,0.0,0.75,0.5422499875738619
hy_ocr,0. Сертификат ИНТИ (INTI.QS.PS.20-12-2023-488),0,0,0,0,0.12758813654169,0.8017444643875367,0.75,1.0,1.0,1.0,,1.0,0.0,0.0,,0.0,,0.6666666666666666,0.8333333333333333,,0.87241186345831,0.8017444643875367,0.75,0.0,0.0,0.0,0.5310390819614617
hy_ocr,1. Сертификат ИНТЕРГАЗСЕРТ (ОГН4.RU.1102.В03418),1,0,0,0,0.4034934497816594,0.7378257795771654,1.0,1.0,1.0,1.0,,1.0,0.0,0.0,,0.0,1.0,1.0,1.0,,0.5965065502183406,0.7378257795771654,1.0,0.0,0.0,0.0,0.4835830824488765
hy_ocr,1.1. Затвор с редуктором  и удлин,0,0,0,1,0.21390374331550802,0.7897435897435898,1.0,0.6,0.75,0.6666666666666665,0.7251351906640369,1.0,0.0,0.0,,0.0,,,1.0,,0.786096256684492,0.7897435897435898,1.0,0.48342346044269113,0.0,0.0,0.6406446536955587
hy_ocr,1.ТП 1751-25,0,1,0,0,0.9975516866158868,0.016666666666666666,1.0,0.0,0.0,0.0,,1.0,0.0,0.0,,0.0,,1.0,,,0.002448313384113221,0.016666666666666666,1.0,0.0,0.0,0.0,0.15477874501269498
hy_ocr,1187-25 Расчет и чертежи по ТУ,0,1,1,1,0.48638132295719844,0.5872386041346306,0.916083916083916,0.8888888888888888,0.8,0.8421052631578948,0.4382103282577121,1.0,0.0,0.0,,0.0,,0.923076923076923,0.9090909090909091,1.0,0.5136186770428015,0.5872386041346306,0.916083916083916,0.36901922379596813,1.0,0.0,0.5864307524661391
hy_ocr,2. Затвор дисковый DN200 1.0 МПа,0,0,0,1,1.0,0.0,,0.8,1.0,0.888888888888889,0.4378126952117609,1.0,0.0,0.0,,0.0,,,,,0.0,0.0,0.0,0.38916684018823194,0.0,0.0,0.0778333680376464
hy_ocr,2.1 Сертификат на тип ЗКС (ЕАЭС RU СТ-RU.НВ94.01974),1,0,0,0,0.4746644754861682,0.7227628315711601,0.6031746031746033,1.0,1.0,1.0,,1.0,0.0,0.0,,0.0,,0.4444444444444444,0.761904761904762,1.0,0.5253355245138318,0.7227628315711601,0.6031746031746033,0.0,1.0,0.0,0.5025007794974384
hy_ocr,3. Заполн. Опл001_ОЛ СППК 180.2 - Энергомаш,1,1,0,0,0.6213552837516666,0.5414324726396399,0.6511573431961781,0.8,0.6666666666666666,0.7272727272727272,0.8728370749520019,1.0,0.0,0.0,,0.0,0.72,0.47619047619047616,0.7572815533980582,0.7499999999999999,0.3786447162483334,0.5414324726396399,0.6511573431961781,0.6347905999650922,0.7499999999999999,0.0,0.5296510186944384
hy_ocr,4. CC ТР ТС 012 (на все ТУ Энергомаш),1,0,0,0,0.7343163680566567,0.7550159351265565,0.8613998613998614,0.5,0.5,0.5,0.855952380952381,1.0,0.0,0.0,,0.0,1.0,0.6923076923076923,0.8918918918918919,0.6666666666666665,0.2656836319433433,0.7550159351265565,0.8613998613998614,0.4279761904761905,0.6666666666666665,0.0,0.5366467757393589
hy_ocr,4. ДС ТР ТС 032 по 17.11.2029 (SchuF),1,0,0,0,0.017699115044247787,0.9596905905853205,0.9603841536614646,1.0,1.0,1.0,0.5144908726827047,1.0,0.0,0.0,,0.0,,0.9411764705882353,0.9795918367346939,1.0,0.9823008849557522,0.9596905905853205,0.9603841536614646,0.5144908726827047,1.0,0.0,0.8324536664710287
hy_ocr,7. Приложение к ИК_Анкета_01.2025,0,1,0,0,0.5968586387434555,0.5083333333333334,1.0,0.8571428571428571,0.35294117647058826,0.5,0.4114260732703902,1.0,0.0,0.0,,0.0,,1.0,,1.0,0.40314136125654454,0.5083333333333334,1.0,0.2057130366351951,1.0,0.0,0.5190112809745084
hy_ocr,АП093815,0,1,0,0,0.986261980830671,0.07653061224489795,1.0,1.0,0.0,0.0,,1.0,0.0,0.0,,0.0,,,1.0,,0.013738019169329041,0.07653061224489795,1.0,0.0,0.0,0.0,0.17256715785355675
hy_ocr,Выписка из ТУ 28.14.13-001-40886479-2021 изм.1 (общие требования),1,1,0,0,0.6356228172293364,0.7294913672986708,0.8111444111444112,0.8,0.8888888888888888,0.8421052631578948,0.3735041282934617,1.0,0.0,0.0,,0.0,0.9696969696969697,0.5714285714285715,0.8923076923076924,0.6666666666666666,0.36437718277066355,0.7294913672986708,0.8111444111444112,0.3145297922471257,0.6666666666666666,0.0,0.5247114243050871
hy_ocr,Опл022_ИГНФ1-ПСП.СИКН-ТХ01-ОЛ-003_A03,0,0,0,1,0.7763128491620112,0.7232800982800982,0.8705882352941177,1.0,0.5555555555555556,0.7142857142857143,0.4152823506994993,1.0,0.0,0.0,,0.0,,0.8,0.9411764705882353,,0.22368715083798885,0.7232800982800982,0.8705882352941177,0.29663025049964237,0.0,0.0,0.4266560976735679
hy_ocr,"ППИ-007-2023 ред.2 Газпромнефь-Снабжение ТУ13, ТУ23",1,1,1,0,0.8817733990147784,0.4130639266214822,0.6052836052836054,0.72,0.35294117647058826,0.4736842105263158,0.39601742277595114,1.0,0.0,0.0,,0.0,0.46153846153846156,0.7179487179487181,0.6363636363636365,,0.11822660098522164,0.4130639266214822,0.6052836052836054,0.18758720026229267,0.0,0.0,0.2611326127466753
hy_ocr,"Паспорт ЗДП корпус чугун, диск чугун, EPDM НАЗ",0,0,0,1,0.46912298910223144,0.828393421247748,0.8074866310160427,0.6666666666666666,0.6666666666666666,0.6666666666666666,0.9241987179487179,1.0,0.0,0.0,,0.0,,0.9090909090909091,0.7058823529411764,,0.5308770108977685,0.828393421247748,0.8074866310160427,0.6161324786324786,0.0,0.0,0.5841670984152812
hy_ocr,Поз 80 103 Кран шаровой DN200 600LB,0,0,0,1,0.426056338028169,0.6418128654970761,0.6666666666666666,1.0,0.4,0.5714285714285715,0.8883609486679662,1.0,0.0,0.0,,0.0,1.0,0.5,0.5,,0.573943661971831,0.6418128654970761,0.6666666666666666,0.5076348278102665,0.0,0.0,0.5054660974292801
hy_ocr,Т.Х._К302_PN_160_DN100____НО_б.с.,0,0,0,1,0.3725085910652921,0.6001400560224089,1.0,1.0,1.0,1.0,0.7649457748175488,1.0,0.0,0.0,,0.0,,1.0,1.0,1.0,0.6274914089347079,0.6001400560224089,1.0,0.7649457748175488,1.0,0.0,0.709897021202789
hy_ocr,ТПР.20.25.00.000спецификация_20251111110159.019_X,0,1,0,1,0.9757834757834758,0.06043956043956044,1.0,1.0,0.19230769230769232,0.32258064516129037,0.2784952889701805,1.0,1.0,1.0,,0.0,,,1.0,,0.024216524216524205,0.06043956043956044,1.0,0.08983718999038082,0.0,0.75,0.22663145916209732
hy_ocr,ТУ -006- ЗКЛ,1,0,0,0,0.5929384965831435,0.5809580139601357,0.5402445560745835,0.46153846153846156,0.5454545454545454,0.4999999999999999,0.4624076087823492,1.0,0.0,0.0,,0.0,0.4247787610619469,0.5517241379310345,0.6442307692307692,0.7499999999999999,0.40706150341685654,0.5809580139601357,0.5402445560745835,0.23120380439117455,0.7499999999999999,0.0,0.44928232363367054
hy_ocr,отклонения от требований ТТТ-01.02-03 версия 2.1,0,1,0,0,0.8723151930425616,0.1788244514106583,0.923076923076923,0.75,0.3333333333333333,0.46153846153846156,0.3232270904247775,1.0,1.0,1.0,,0.0,,,0.923076923076923,,0.12768480695743845,0.1788244514106583,0.923076923076923,0.149181734042205,0.0,0.75,0.28242519986200365
dpsk-ocr-Large,0. Сертификат ИНТИ (INTI.QS.PS.20-12-2023-488),0,0,0,0,0.5235674676524954,0.47743712869763294,0.7708333333333334,1.0,1.0,1.0,,0.5,0.3333333333333333,0.4,0.0,1.0,,0.6666666666666666,0.8750000000000001,,0.4764325323475046,0.47743712869763294,0.7708333333333334,0.0,0.0,0.30000000000000004,0.36909241526128445
dpsk-ocr-Large,1. Сертификат ИНТЕРГАЗСЕРТ (ОГН4.RU.1102.В03418),1,0,0,0,0.3093905472636816,0.7176634542577937,1.0,1.0,1.0,1.0,,0.0,0.0,0.0,,0.0,1.0,1.0,1.0,,0.6906094527363185,0.7176634542577937,1.0,0.0,0.0,0.0,0.502068226748528
dpsk-ocr-Large,1.1. Затвор с редуктором  и удлин,0,0,0,1,0.9874285714285714,0.2,1.0,0.25,0.25,0.25,0.98125,0.25,0.5,0.3333333333333333,0.0,1.0,,,1.0,,0.012571428571428567,0.2,1.0,0.2453125,0.0,0.25,0.26470535714285715
dpsk-ocr-Large,1.ТП 1751-25,0,1,0,0,1.0,0.0,,1.0,0.0,0.0,,1.0,0.0,0.0,,0.0,,,,,0.0,0.0,0.0,0.0,0.0,0.0,0.0
dpsk-ocr-Large,1187-25 Расчет и чертежи по ТУ,0,1,1,1,0.9818361955085865,0.1331269349845201,,0.0,0.0,0.0,,1.0,0.0,0.0,,0.0,,,,,0.018163804491413527,0.1331269349845201,0.0,0.0,0.0,0.0,0.03782268486898341
dpsk-ocr-Large,2. Затвор дисковый DN200 1.0 МПа,0,0,0,1,0.5282392026578073,0.661764705882353,,0.6666666666666666,0.5,0.5714285714285715,0.9943181818181819,0.0,0.0,0.0,,0.0,,,,,0.4717607973421927,0.661764705882353,0.0,0.5681818181818183,0.0,0.0,0.3970177394425001
dpsk-ocr-Large,2.1 Сертификат на тип ЗКС (ЕАЭС RU СТ-RU.НВ94.01974),1,0,0,0,0.23413078149920255,0.8379570231208355,0.8800000000000001,1.0,1.0,1.0,,0.5,0.3333333333333333,0.4,0.0,1.0,,0.8,0.9600000000000001,,0.7658692185007975,0.8379570231208355,0.8800000000000001,0.0,0.0,0.30000000000000004,0.5479565604054083
dpsk-ocr-Large,3. Заполн. Опл001_ОЛ СППК 180.2 - Энергомаш,1,1,0,0,0.6382441088323442,0.4515121444756796,0.6330747407797946,0.75,0.5,0.6,0.9046097459197636,1.0,1.0,1.0,0.0,1.0,0.7058823529411765,0.5454545454545455,0.647887323943662,,0.36175589116765583,0.4515121444756796,0.6330747407797946,0.5427658475518582,0.0,0.75,0.44433138953817475
dpsk-ocr-Large,4. CC ТР ТС 012 (на все ТУ Энергомаш),1,0,0,0,0.7451920457640969,0.5968415992261653,0.7166098323387325,1.0,0.5,0.6666666666666666,0.8571428571428572,0.0,0.0,0.0,,0.0,0.7500000000000001,0.588235294117647,0.8115942028985507,0.3333333333333333,0.2548079542359031,0.5968415992261653,0.7166098323387325,0.5714285714285714,0.3333333333333333,0.0,0.46802291083537456
dpsk-ocr-Large,4. ДС ТР ТС 032 по 17.11.2029 (SchuF),1,0,0,0,0.11460131170176044,0.6895945319242941,0.7545454545454545,1.0,1.0,1.0,0.72348960255937,1.0,0.14285714285714285,0.25,0.0,1.0,,0.6,0.9090909090909091,,0.8853986882982395,0.6895945319242941,0.7545454545454545,0.72348960255937,0.0,0.1875,0.6610030437493256
dpsk-ocr-Large,7. Приложение к ИК_Анкета_01.2025,0,1,0,0,0.9457746478873239,0.3358363858363858,,1.0,0.0,0.0,,1.0,0.0,0.0,,0.0,,,,,0.054225352112676095,0.3358363858363858,0.0,0.0,0.0,0.0,0.09751543448726548
dpsk-ocr-Large,АП093815,0,1,0,0,1.0,0.0,,1.0,0.0,0.0,,1.0,0.0,0.0,,0.0,,,,,0.0,0.0,0.0,0.0,0.0,0.0,0.0
dpsk-ocr-Large,Выписка из ТУ 28.14.13-001-40886479-2021 изм.1 (общие требования),1,1,0,0,0.6997138769670959,0.737397841068212,0.8066670764439526,0.6,0.6666666666666666,0.631578947368421,0.5872538253223717,0.5,0.14285714285714285,0.22222222222222224,0.0,1.0,0.9696969696969697,0.5882352941176471,0.8620689655172413,1.0,0.30028612303290414,0.737397841068212,0.8066670764439526,0.3708971528351821,1.0,0.16666666666666669,0.5629338163922417
dpsk-ocr-Large,Опл022_ИГНФ1-ПСП.СИКН-ТХ01-ОЛ-003_A03,0,0,0,1,0.2638888888888889,0.5436789248264658,1.0,0.75,0.3333333333333333,0.46153846153846156,0.6115383859281381,1.0,0.0,0.0,,0.0,,1.0,1.0,1.0,0.7361111111111112,0.5436789248264658,1.0,0.28224848581298684,1.0,0.0,0.6263972061469917
dpsk-ocr-Large,"ППИ-007-2023 ред.2 Газпромнефь-Снабжение ТУ13, ТУ23",1,1,1,0,0.978494094488189,0.08010140829500843,0.625,0.6666666666666666,0.0392156862745098,0.07407407407407407,0.9141338208089236,1.0,0.06896551724137931,0.12903225806451613,0.0,1.0,,,0.625,,0.021505905511810974,0.08010140829500843,0.625,0.06771361635621656,0.0,0.0967741935483871,0.13753326140036753
dpsk-ocr-Large,"Паспорт ЗДП корпус чугун, диск чугун, EPDM НАЗ",0,0,0,1,0.44529853414372544,0.8137944688615787,0.8666666666666667,1.0,1.0,1.0,0.9100524816314289,1.0,0.25,0.4,0.0,1.0,,1.0,0.7333333333333334,0.5882352941176471,0.5547014658562746,0.8137944688615787,0.8666666666666667,0.9100524816314289,0.5882352941176471,0.30000000000000004,0.7279580094175139
dpsk-ocr-Large,Поз 80 103 Кран шаровой DN200 600LB,0,0,0,1,1.0,0.0,,1.0,0.0,0.0,,1.0,0.0,0.0,,0.0,,,,,0.0,0.0,0.0,0.0,0.0,0.0,0.0
dpsk-ocr-Large,Т.Х._К302_PN_160_DN100____НО_б.с.,0,0,0,1,0.8037947391116861,0.31227503286326813,0.7777777777777778,0.1,0.3333333333333333,0.15384615384615383,0.5447607106464616,0.5,1.0,0.6666666666666666,0.0,1.0,,0.6666666666666666,0.888888888888889,,0.19620526088831391,0.31227503286326813,0.7777777777777778,0.08380934009945562,0.0,0.5,0.2855486081244533
dpsk-ocr-Large,ТПР.20.25.00.000спецификация_20251111110159.019_X,0,1,0,1,0.6175771971496437,0.43076923076923074,1.0,0.7692307692307693,0.38461538461538464,0.5128205128205128,0.6362196519572747,1.0,1.0,1.0,,0.0,,,1.0,,0.38242280285035635,0.43076923076923074,1.0,0.32626648818321774,0.0,0.75,0.4560513060415403
dpsk-ocr-Large,ТУ -006- ЗКЛ,1,0,0,0,0.7103155235278918,0.4829239502418303,0.5932677448903246,1.0,0.2727272727272727,0.42857142857142855,0.5892783022949226,0.6,0.25,0.35294117647058826,0.0,1.0,0.5263157894736843,0.5384615384615385,0.7150259067357513,0.7499999999999999,0.28968447647210815,0.4829239502418303,0.5932677448903246,0.25254784384068113,0.7499999999999999,0.2647058823529412,0.42088713129781663
dpsk-ocr-Large,отклонения от требований ТТТ-01.02-03 версия 2.1,0,1,0,0,0.8663532572196104,0.12897515076528185,1.0,0.8,0.4444444444444444,0.5714285714285714,0.3411013035163757,1.0,1.0,1.0,,0.0,,,1.0,,0.13364674278038957,0.12897515076528185,1.0,0.1949150305807861,0.0,0.75,0.2921384795025751
docling_ppl,0. Сертификат ИНТИ (INTI.QS.PS.20-12-2023-488),0,0,0,0,0.9994413407821229,0.058823529411764705,1.0,1.0,1.0,1.0,,0.0,0.0,0.0,,0.0,,,1.0,,0.0005586592178771221,0.058823529411764705,1.0,0.0,0.0,0.0,0.16484554715741045
docling_ppl,1. Сертификат ИНТЕРГАЗСЕРТ (ОГН4.RU.1102.В03418),1,0,0,0,1.0,0.0,,1.0,1.0,1.0,,0.0,0.0,0.0,,0.0,,,,,0.0,0.0,0.0,0.0,0.0,0.0,0.0
docling_ppl,1.1. Затвор с редуктором  и удлин,0,0,0,1,0.9804439746300211,0.2909090909090909,1.0,1.0,0.25,0.4,0.84375,1.0,0.0,0.0,,0.0,,,1.0,,0.019556025369978913,0.2909090909090909,1.0,0.3375,0.0,0.0,0.29511627906976745
docling_ppl,1.ТП 1751-25,0,1,0,0,0.535288928098809,0.7800567455364505,0.9267399267399267,0.0,0.0,0.0,,0.0,0.0,0.0,,0.0,1.0,0.923076923076923,0.8571428571428571,,0.464711071901191,0.7800567455364505,0.9267399267399267,0.0,0.0,0.0,0.45020294337039934
docling_ppl,1187-25 Расчет и чертежи по ТУ,0,1,1,1,1.0,0.0,,0.5,0.2,0.28571428571428575,0.032145266407393014,0.0,0.0,0.0,,0.0,,,,,0.0,0.0,0.0,0.00918436183068372,0.0,0.0,0.001836872366136744
docling_ppl,2. Затвор дисковый DN200 1.0 МПа,0,0,0,1,0.9740698985343855,0.2839516535168709,,1.0,0.25,0.4,0.7155776862026861,1.0,0.0,0.0,,0.0,,,,,0.025930101465614475,0.2839516535168709,0.0,0.2862310744810745,0.0,0.0,0.13471665364183624
docling_ppl,2.1 Сертификат на тип ЗКС (ЕАЭС RU СТ-RU.НВ94.01974),1,0,0,0,0.14246854811288678,0.6978547379673534,1.0,1.0,1.0,1.0,,0.0,0.0,0.0,,0.0,,1.0,1.0,,0.8575314518871132,0.6978547379673534,1.0,0.0,0.0,0.0,0.5388465474636167
docling_ppl,3. Заполн. Опл001_ОЛ СППК 180.2 - Энергомаш,1,1,0,0,1.0,0.0,,1.0,0.0,0.0,,0.0,0.0,0.0,,0.0,,,,,0.0,0.0,0.0,0.0,0.0,0.0,0.0
docling_ppl,4. CC ТР ТС 012 (на все ТУ Энергомаш),1,0,0,0,0.7362491716368456,0.4679336423525652,0.6821540210287015,0.5,0.5,0.5,0.8761904761904762,0.0,0.0,0.0,,0.0,0.5000000000000001,0.7058823529411765,0.8405797101449276,,0.26375082836315444,0.4679336423525652,0.6821540210287015,0.4380952380952381,0.0,0.0,0.3728632684522828
docling_ppl,4. ДС ТР ТС 032 по 17.11.2029 (SchuF),1,0,0,0,0.3203899268887084,0.6286007242223075,0.893939393939394,0.0,0.0,0.0,,0.0,0.0,0.0,,0.0,,0.8333333333333334,0.9545454545454546,,0.6796100731112916,0.6286007242223075,0.893939393939394,0.0,0.0,0.0,0.46114360842430885
docling_ppl,7. Приложение к ИК_Анкета_01.2025,0,1,0,0,0.959563834620627,0.8859649122807017,0.9090909090909091,1.0,0.0,0.0,,0.0,0.0,0.0,,0.0,,0.9090909090909091,,,0.040436165379373,0.8859649122807017,0.9090909090909091,0.0,0.0,0.0,0.367963905778655
docling_ppl,АП093815,0,1,0,0,0.978021978021978,0.3333333333333333,1.0,0.0,0.0,0.0,,0.0,0.0,0.0,,0.0,,,1.0,,0.02197802197802201,0.3333333333333333,1.0,0.0,0.0,0.0,0.2388278388278388
docling_ppl,Выписка из ТУ 28.14.13-001-40886479-2021 изм.1 (общие требования),1,1,0,0,0.9887353275274517,0.06889204545454546,0.8,1.0,0.0,0.0,,0.0,0.0,0.0,,0.0,,0.8,0.8,,0.011264672472548254,0.06889204545454546,0.8,0.0,0.0,0.0,0.1400391794817734
docling_ppl,Опл022_ИГНФ1-ПСП.СИКН-ТХ01-ОЛ-003_A03,0,0,0,1,0.8772908366533865,0.5522165709376015,0.7619047619047619,1.0,0.0,0.0,,0.0,0.0,0.0,,0.0,,0.6666666666666666,0.8571428571428571,,0.12270916334661353,0.5522165709376015,0.7619047619047619,0.0,0.0,0.0,0.283017147856768
docling_ppl,"ППИ-007-2023 ред.2 Газпромнефь-Снабжение ТУ13, ТУ23",1,1,1,0,1.0,0.0,,1.0,0.0,0.0,,0.0,0.0,0.0,,0.0,,,,,0.0,0.0,0.0,0.0,0.0,0.0,0.0
docling_ppl,"Паспорт ЗДП корпус чугун, диск чугун, EPDM НАЗ",0,0,0,1,0.5045180722891566,0.7984096204609286,0.9419191919191919,1.0,1.0,1.0,0.9577777777777778,0.0,0.0,0.0,,0.0,1.0,0.9090909090909091,0.9166666666666666,,0.49548192771084343,0.7984096204609286,0.9419191919191919,0.9577777777777778,0.0,0.0,0.6563163213863774
docling_ppl,Поз 80 103 Кран шаровой DN200 600LB,0,0,0,1,0.8883696780893042,0.6189908671111678,0.6666666666666666,1.0,0.2,0.33333333333333337,0.711859741136057,0.0,0.0,0.0,,0.0,,,0.6666666666666666,,0.11163032191069577,0.6189908671111678,0.6666666666666666,0.2372865803786857,0.0,0.0,0.330112613331203
docling_ppl,Т.Х._К302_PN_160_DN100____НО_б.с.,0,0,0,1,0.9275184275184275,0.4300729194563121,0.8585858585858586,1.0,0.0,0.0,,0.0,0.0,0.0,,0.0,1.0,0.6666666666666666,0.9090909090909091,,0.0724815724815725,0.4300729194563121,0.8585858585858586,0.0,0.0,0.0,0.25442650177234993
docling_ppl,ТПР.20.25.00.000спецификация_20251111110159.019_X,0,1,0,1,1.0,0.0,,1.0,0.0,0.0,,1.0,1.0,1.0,,0.0,,,,,0.0,0.0,0.0,0.0,0.0,0.75,0.037500000000000006
docling_ppl,ТУ -006- ЗКЛ,1,0,0,0,0.8157249853311704,0.2743343604656199,0.70843796362041,1.0,0.09090909090909091,0.16666666666666669,0.05883267724068009,0.0,0.0,0.0,,0.0,0.8141592920353982,0.5714285714285715,0.7397260273972603,,0.18427501466882956,0.2743343604656199,0.70843796362041,0.009805446206780016,0.0,0.0,0.22287912756802983
docling_ppl,отклонения от требований ТТТ-01.02-03 версия 2.1,0,1,0,0,0.9423395559483044,0.1503003663003663,0.8333333333333333,0.6,0.3333333333333333,0.42857142857142855,0.379098968653002,1.0,1.0,1.0,,0.0,,,0.8333333333333333,,0.05766044405169557,0.1503003663003663,0.8333333333333333,0.1624709865655723,0.0,0.75,0.24698439990112991
z-ai__glm-4_6v,0. Сертификат ИНТИ (INTI.QS.PS.20-12-2023-488),0,0,0,0,0.6830434782608695,0.5472206362991348,0.8632478632478632,1.0,1.0,1.0,,1.0,0.6666666666666666,0.8,0.8080198466777802,1.0,1.0,0.6666666666666666,0.923076923076923,,0.31695652173913047,0.5472206362991348,0.8632478632478632,0.0,0.0,0.8020049616694451,0.38563171708021804
z-ai__glm-4_6v,1. Сертификат ИНТЕРГАЗСЕРТ (ОГН4.RU.1102.В03418),1,0,0,0,0.5174511687479987,0.4212708629596286,1.0,1.0,1.0,1.0,,0.25,0.25,0.25,1.0,1.0,1.0,1.0,1.0,,0.4825488312520013,0.4212708629596286,1.0,0.0,0.0,0.4375,0.39782992355290747
z-ai__glm-4_6v,1.1. Затвор с редуктором  и удлин,0,0,0,1,0.30677966101694915,0.73300395256917,1.0,0.5,0.5,0.5,0.7291666666666667,1.0,0.5,0.6666666666666666,0.5227160453796387,1.0,,,1.0,,0.6932203389830509,0.73300395256917,1.0,0.36458333333333337,0.0,0.6306790113449097,0.6110066901219674
z-ai__glm-4_6v,1.ТП 1751-25,0,1,0,0,0.9954664757814364,0.0722503096822516,1.0,0.0,0.0,0.0,,0.0,0.0,0.0,,0.0,,1.0,,,0.004533524218563567,0.0722503096822516,1.0,0.0,0.0,0.0,0.1691959584752038
z-ai__glm-4_6v,1187-25 Расчет и чертежи по ТУ,0,1,1,1,0.9887215361553288,0.2763754755633597,1.0,0.0,0.0,0.0,,0.5,0.3333333333333333,0.4,0.7822970151901245,1.0,,1.0,1.0,0.5,0.011278463844671238,0.2763754755633597,1.0,0.0,0.5,0.4955742537975312,0.2966921975418843
z-ai__glm-4_6v,2. Затвор дисковый DN200 1.0 МПа,0,0,0,1,0.9836305173925752,0.25,,0.6666666666666666,0.5,0.5714285714285715,0.9715873015873016,1.0,0.25,0.4,0.8633282780647278,1.0,,,,,0.016369482607424768,0.25,0.0,0.5551927437641724,0.0,0.515832069516182,0.20342252288049978
z-ai__glm-4_6v,2.1 Сертификат на тип ЗКС (ЕАЭС RU СТ-RU.НВ94.01974),1,0,0,0,0.5264210225649815,0.6294440310233979,0.7257142857142858,1.0,1.0,1.0,,1.0,0.3333333333333333,0.5,0.8827927112579346,1.0,,0.5714285714285715,0.8799999999999999,1.0,0.47357897743501853,0.6294440310233979,0.7257142857142858,0.0,1.0,0.5956981778144836,0.5143978038624711
z-ai__glm-4_6v,3. Заполн. Опл001_ОЛ СППК 180.2 - Энергомаш,1,1,0,0,0.9609145440319916,0.43412808969435046,0.8272346179851251,0.2222222222222222,0.3333333333333333,0.26666666666666666,0.6777275825427563,0.6666666666666666,1.0,0.8,0.824620932340622,1.0,0.8941176470588236,0.8275862068965518,0.76,0.6153846153846154,0.03908545596800839,0.43412808969435046,0.8272346179851251,0.18072735534473502,0.6153846153846154,0.8061552330851556,0.3803802733750248
z-ai__glm-4_6v,4. CC ТР ТС 012 (на все ТУ Энергомаш),1,0,0,0,0.9749953931421605,0.3381019516749715,0.7695402298850574,0.5,0.5,0.5,0.7142857142857143,1.0,0.0,0.0,,0.0,0.75,0.8,0.7586206896551724,0.5454545454545454,0.02500460685783945,0.3381019516749715,0.7695402298850574,0.35714285714285715,0.5454545454545454,0.0,0.3321817000899874
z-ai__glm-4_6v,4. ДС ТР ТС 032 по 17.11.2029 (SchuF),1,0,0,0,0.9918702114177084,0.27957342580483335,0.8375000000000001,1.0,0.0,0.0,,0.0,0.0,0.0,,0.0,,0.8000000000000002,0.875,,0.00812978858229163,0.27957342580483335,0.8375000000000001,0.0,0.0,0.0,0.19755080359678126
z-ai__glm-4_6v,7. Приложение к ИК_Анкета_01.2025,0,1,0,0,0.5482456140350878,0.28745318352059923,1.0,0.0,0.0,0.0,,1.0,1.0,1.0,0.7175419926643372,1.0,,1.0,,0.6666666666666666,0.45175438596491224,0.28745318352059923,1.0,0.0,0.6666666666666666,0.9293854981660843,0.44793783394634873
z-ai__glm-4_6v,АП093815,0,1,0,0,1.0,0.0,,0.0,0.0,0.0,,1.0,0.0,0.0,,0.0,,,,,0.0,0.0,0.0,0.0,0.0,0.0,0.0
z-ai__glm-4_6v,Выписка из ТУ 28.14.13-001-40886479-2021 изм.1 (общие требования),1,1,0,0,0.9430701007442467,0.5989789404966461,0.7816216216216215,0.125,0.1111111111111111,0.11764705882352941,0.6185965493419273,1.0,0.14285714285714285,0.25,0.6731070280075073,1.0,0.8648648648648648,0.7199999999999999,0.76,0.888888888888889,0.05692989925575331,0.5989789404966461,0.7816216216216215,0.07277606462846203,0.888888888888889,0.35577675700187683,0.4024533928460182
z-ai__glm-4_6v,Опл022_ИГНФ1-ПСП.СИКН-ТХ01-ОЛ-003_A03,0,0,0,1,0.9893221246100226,0.5855953816973307,0.9615384615384615,0.3333333333333333,0.1111111111111111,0.16666666666666666,0.2189009661835748,0.0,0.0,0.0,,0.0,,1.0,0.923076923076923,0.5,0.010677875389977443,0.5855953816973307,0.9615384615384615,0.03648349436392913,0.5,0.0,0.3505957823753821
z-ai__glm-4_6v,"ППИ-007-2023 ред.2 Газпромнефь-Снабжение ТУ13, ТУ23",1,1,1,0,0.9923410868010163,0.15421858447497191,0.42857142857142855,0.10526315789473684,0.0392156862745098,0.05714285714285714,0.48723529146567157,0.1111111111111111,0.034482758620689655,0.05263157894736842,0.8866696953773499,1.0,0.6,0.4,0.2857142857142857,,0.007658913198983708,0.15421858447497191,0.42857142857142855,0.027842016655181233,0.0,0.2611411080548638,0.12338054743798263
z-ai__glm-4_6v,"Паспорт ЗДП корпус чугун, диск чугун, EPDM НАЗ",0,0,0,1,0.9506407778537659,0.5417779832209207,0.8022456845986258,0.25,0.3333333333333333,0.28571428571428575,0.5530824256153204,0.5,0.25,0.3333333333333333,0.8841186165809631,1.0,0.923076923076923,0.7058823529411765,0.7777777777777777,,0.049359222146234116,0.5417779832209207,0.8022456845986258,0.15802355017580585,0.0,0.4710296541452408,0.32327734677400577
z-ai__glm-4_6v,Поз 80 103 Кран шаровой DN200 600LB,0,0,0,1,0.3747841105354059,0.7777777777777778,0.8412698412698413,0.5,0.4,0.4444444444444445,0.8477958384208384,0.2857142857142857,0.4,0.3333333333333333,0.665246844291687,1.0,1.0,0.6666666666666666,0.8571428571428571,,0.625215889464594,0.7777777777777778,0.8412698412698413,0.3767981504092615,0.0,0.41631171107292175,0.5731141086365675
z-ai__glm-4_6v,Т.Х._К302_PN_160_DN100____НО_б.с.,0,0,0,1,0.6853012048192771,0.3729654023771671,0.8545454545454545,0.14285714285714285,0.3333333333333333,0.2,0.5361839549010834,0.0,0.0,0.0,,0.0,,0.8,0.9090909090909091,1.0,0.31469879518072286,0.3729654023771671,0.8545454545454545,0.10723679098021668,1.0,0.0,0.421545225767334
z-ai__glm-4_6v,ТПР.20.25.00.000спецификация_20251111110159.019_X,0,1,0,1,0.9851656896757985,0.1076923076923077,1.0,0.19047619047619047,0.46153846153846156,0.2696629213483146,0.42182186165331464,1.0,1.0,1.0,,0.0,,,1.0,,0.01483431032420146,0.1076923076923077,1.0,0.11374971550201743,0.0,0.75,0.24088159760453076
z-ai__glm-4_6v,ТУ -006- ЗКЛ,1,0,0,0,0.5793838126591714,0.677931867782022,0.6918180330551466,0.16666666666666666,0.09090909090909091,0.11764705882352942,0.6111111111111112,0.5714285714285714,0.3333333333333333,0.4210526315789474,0.7621010541915894,1.0,0.9278350515463918,0.4333333333333334,0.7142857142857143,0.6666666666666667,0.4206161873408286,0.677931867782022,0.6918180330551466,0.07189542483660132,0.6666666666666667,0.506314737232108,0.484771207234577
z-ai__glm-4_6v,отклонения от требований ТТТ-01.02-03 версия 2.1,0,1,0,0,0.8430522845030617,0.2649019803913538,0.8571428571428571,0.18181818181818182,0.2222222222222222,0.19999999999999998,0.29961098303628236,1.0,1.0,1.0,,0.0,,,0.8571428571428571,,0.1569477154969383,0.2649019803913538,0.8571428571428571,0.059922196607256464,0.0,0.75,0.2835182918649529
